"501893734","https://itunes.apple.com/cn/podcast/mei-li-nian-dai/id501893734?mt=2","5","2014-02-05T21:07:22-08:00",0
"515330701","https://itunes.apple.com/cn/podcast/huai-dan-diao-pin/id515330701?mt=2","4","2014-02-05T21:07:22-08:00",0
"523998361","https://itunes.apple.com/cn/podcast/zhe-me-yuan-na-me-jin/id523998361?mt=2","3","2014-02-05T21:07:22-08:00",0
"512426799","https://itunes.apple.com/cn/podcast/gui-ying-ren-jian/id512426799?mt=2","1","2014-02-05T21:07:22-08:00",0
"612325017","https://itunes.apple.com/cn/podcast/yi-ge-ren-de-shu-fang/id612325017?mt=2","1","14-2-7",0
"732882325","https://itunes.apple.com/cn/podcast/zhi-shi-pai-dui/id732882325?mt=2","2","2014-02-05T21:07:22-08:00",0
"645766508","https://itunes.apple.com/cn/podcast/pao-huo-che-dian-tai/id645766508?mt=2","5","2014-02-05T21:07:22-08:00",0
"590064343","https://itunes.apple.com/cn/podcast/san-wei-shu-wu/id590064343?mt=2","9","2014-02-05T21:07:22-08:00",0
"529672455","https://itunes.apple.com/cn/podcast/man-bu-shi-guang/id529672455?mt=2","10","14-2-6",0
"757551380","https://itunes.apple.com/cn/podcast/cui-mian-gu-shi-hui/id757551380?mt=2","3","14-2-7",0
"725989688","https://itunes.apple.com/cn/podcast/dou-dou-diao-pin/id725989688?mt=2","1","14-2-7",0
"464558705","https://itunes.apple.com/cn/podcast/xiao-tao-meng-yi-zhan/id464558705?mt=2","50","2014-02-05T21:07:22-08:00",0
"81412148","https://itunes.apple.com/cn/podcast/xiang-gang-dian-tai-yi-fen/id81412148?mt=2","7","14-2-6",0
"736545182","https://itunes.apple.com/cn/podcast/wan-shang-shi-dian/id736545182?mt=2","1","14-2-8",1
"757435390","https://itunes.apple.com/cn/podcast/xiang-xue-wen-xue-zhi-sheng/id757435390?mt=2","1","14-2-8",0
"766338946","https://itunes.apple.com/cn/podcast/qie-ting-feng-yin/id766338946?mt=2","9","2014-02-05T21:07:22-08:00",0
"770580868","https://itunes.apple.com/cn/podcast/xiao-ai-liao/id770580868?mt=2","3","14-2-5",0
"688208117","https://itunes.apple.com/cn/podcast/tai-kang-xiao-xi-er-guo-tou/id688208117?mt=2","3","2014-02-05T21:07:22-08:00",0
"721988219","https://itunes.apple.com/cn/podcast/pei-le-san-wen-shi-ge/id721988219?mt=2","1","14-2-6",0
"705700311","https://itunes.apple.com/cn/podcast/lu-xingfm/id705700311?mt=2","2","2014-02-05T21:07:22-08:00",0
"776741884","https://itunes.apple.com/cn/podcast/gu-shu-dao-dao-zhai/id776741884?mt=2","1","2014-02-05T21:07:22-08:00",0
"747582412","https://itunes.apple.com/cn/podcast/gu-shi-zhuan-lan/id747582412?mt=2","15","2014-02-05T21:07:22-08:00",0
"731738426","https://itunes.apple.com/cn/podcast/feng-ge/id731738426?mt=2","6","14-2-8",0
"707996626","https://itunes.apple.com/cn/podcast/hun-tong-hua-guang-bo/id707996626?mt=2","4","2014-02-05T21:07:22-08:00",0
"759431884","https://itunes.apple.com/cn/podcast/a-mi-tuo-fu-fu-jiao-dian-tai/id759431884?mt=2","2","2014-02-05T21:07:22-08:00",0
"763225014","https://itunes.apple.com/cn/podcast/sheng-huo-qing-gan-dang/id763225014?mt=2","1","14-2-7",0
"652737266","https://itunes.apple.com/cn/podcast/shi-shui-nian-hua/id652737266?mt=2","1","14-2-8",0
"743601913","https://itunes.apple.com/cn/podcast/man-bu-shi-guang/id743601913?mt=2","1","2014-02-05T21:07:22-08:00",0
"738466085","https://itunes.apple.com/cn/podcast/mo-shi-dao-yu/id738466085?mt=2","7","2014-02-05T21:07:22-08:00",0
"774234884","https://itunes.apple.com/cn/podcast/qing-xue-gu-shi-zhi-zhen-ren/id774234884?mt=2","1","2014-02-05T21:07:22-08:00",0
"730234860","https://itunes.apple.com/cn/podcast/shuo-lai-hua-zhang/id730234860?mt=2","7","2014-02-05T21:07:22-08:00",0
"774949168","https://itunes.apple.com/cn/podcast/zi-you-xing-hua-ti/id774949168?mt=2","7","14-2-6",0
"726845721","https://itunes.apple.com/cn/podcast/sheng-zhi-yun-lang-song-shu/id726845721?mt=2","1","14-2-9",1
"781327210","https://itunes.apple.com/cn/podcast/sheng-yin-lu-xing-han-xiao-nuan/id781327210?mt=2","3","14-2-8",0
"790517346","https://itunes.apple.com/cn/podcast/shi-si-nian-lie-gui-ren/id790517346?mt=2","1","14-2-9",1
"791072049","https://itunes.apple.com/cn/podcast/sheng-huo-zhuan-lan/id791072049?mt=2","15","2014-02-05T21:07:22-08:00",0
"757551336","https://itunes.apple.com/cn/podcast/shang-shan-zhi-sheng/id757551336?mt=2","2","2014-02-05T21:07:22-08:00",0
"777596488","https://itunes.apple.com/cn/podcast/ji-zhong-ying/id777596488?mt=2","10","2014-02-05T21:07:22-08:00",0
"760266352","https://itunes.apple.com/cn/podcast/ru-guo-ni-ye-ting-guo-ai/id760266352?mt=2","3","14-2-8",0
"718115188","https://itunes.apple.com/cn/podcast/li-zhi-de-bu-lao-ge/id718115188?mt=2","4","14-2-6",0
"748025939","https://itunes.apple.com/cn/podcast/ting-wo-shuo-wan-an/id748025939?mt=2","1","2014-02-05T21:07:22-08:00",0
"774234886","https://itunes.apple.com/cn/podcast/da-xue-sheng-bo-ke/id774234886?mt=2","1","14-2-8",0
"770219285","https://itunes.apple.com/cn/podcast/jing-ting-shu-wu/id770219285?mt=2","3","14-2-8",1
"765360344","https://itunes.apple.com/cn/podcast/guan-yu-si-nian/id765360344?mt=2","7","2014-02-05T21:07:22-08:00",0
"777391988","https://itunes.apple.com/cn/podcast/yi-sheng-chuan-qing/id777391988?mt=2","2","2014-02-05T21:07:22-08:00",0
"745318885","https://itunes.apple.com/cn/podcast/real-english-academy/id745318885?mt=2","2","2014-02-05T21:07:22-08:00",0
"774710885","https://itunes.apple.com/cn/podcast/yi-ge-mi-mi/id774710885?mt=2","6","2014-02-05T21:07:22-08:00",0
"799320099","https://itunes.apple.com/cn/podcast/ji-nian-san-mao/id799320099?mt=2","3","2014-02-05T21:07:22-08:00",0
"806913836","https://itunes.apple.com/cn/podcast/yue-yu-jiang-gu-gui-chui-bi-ji/id806913836?mt=2","1","14-2-9",1
"760138903","https://itunes.apple.com/cn/podcast/shi-guang-sui-pian-wo-bei/id760138903?mt=2","1","2014-02-05T21:07:22-08:00",0
"745161915","https://itunes.apple.com/cn/podcast/nuan-sheng-yi-yu/id745161915?mt=2","2","14-2-8",1
"762029103","https://itunes.apple.com/cn/podcast/ni-ma-diao-pin/id762029103?mt=2","1","2014-02-05T21:07:22-08:00",0
"733497241","https://itunes.apple.com/cn/podcast/pu-la-ka-ka-fei-dian-tai/id733497241?mt=2","2","2014-02-05T21:07:22-08:00",0
"707439884","https://itunes.apple.com/cn/podcast/jing-cai-wen-ming-shi/id707439884?mt=2","1","2014-02-05T21:07:22-08:00",0
"734252749","https://itunes.apple.com/cn/podcast/ling-gan-dian-tai/id734252749?mt=2","2","2014-02-05T21:07:22-08:00",0
"780159907","https://itunes.apple.com/cn/podcast/ren-zai-bei-jing/id780159907?mt=2","2","14-2-6",0
"741995489","https://itunes.apple.com/cn/podcast/museradio-ling-gan-dian-tai/id741995489?mt=2","1","2014-02-05T21:07:22-08:00",0
"762046173","https://itunes.apple.com/cn/podcast/lao-lao-lu-xing-na-dian-shi-er/id762046173?mt=2","8","2014-02-05T21:07:22-08:00",0
"705135293","https://itunes.apple.com/cn/podcast/mo-shang-hua-er-kai/id705135293?mt=2","2","14-2-7",0
"610391407","https://itunes.apple.com/cn/podcast/xiao-ni-jiang-gu-shi-he-ji/id610391407?mt=2","15","2014-02-05T21:07:22-08:00",0
"731182548","https://itunes.apple.com/cn/podcast/cui-xiao-xue-de-si-ren-dian-tai/id731182548?mt=2","3","14-2-8",1
"779454228","https://itunes.apple.com/cn/podcast/su-mei-ping-sheng/id779454228?mt=2","5","2014-02-05T21:07:22-08:00",0
"774831112","https://itunes.apple.com/cn/podcast/yi-mi-yang-guang/id774831112?mt=2","1","14-2-7",0
"780147834","https://itunes.apple.com/cn/podcast/huang-he-gu-dao-man-chao-yan/id780147834?mt=2","1","2014-02-05T21:07:22-08:00",0
"761419181","https://itunes.apple.com/cn/podcast/chen-ci-sheng-wei-lao/id761419181?mt=2","25","14-2-7",0
"743651919","https://itunes.apple.com/cn/podcast/xiao-cheng-gu-shi/id743651919?mt=2","107","2014-02-05T21:07:22-08:00",0
"728948807","https://itunes.apple.com/cn/podcast/ye-se-lan-shan/id728948807?mt=2","10","2014-02-05T21:07:22-08:00",0
"780137071","https://itunes.apple.com/cn/podcast/na-ge-jie-jie-jiao-wo-men-de-shi/id780137071?mt=2","1","2014-02-05T21:07:22-08:00",0
"768004587","https://itunes.apple.com/cn/podcast/gao-gao-shuo/id768004587?mt=2","1","2014-02-05T21:07:22-08:00",0
"409732363","https://itunes.apple.com/cn/podcast/qu-yi-dian-tai/id409732363?mt=2","2","2014-02-05T21:07:22-08:00",0
"805421577","https://itunes.apple.com/cn/podcast/hai-yang-xian-chang-xiu/id805421577?mt=2","1","14-2-7",0
"405890124","https://itunes.apple.com/cn/podcast/yi-fang-xing-qi-tian/id405890124?mt=2","7","2014-02-05T21:07:22-08:00",0
"551950554","https://itunes.apple.com/cn/podcast/la-vita-di-milano/id551950554?mt=2","2","2014-02-05T21:07:22-08:00",0
"791216461","https://itunes.apple.com/cn/podcast/yue-du/id791216461?mt=2","8","2014-02-05T21:07:22-08:00",0
"805488456","https://itunes.apple.com/cn/podcast/chi-dian-tai/id805488456?mt=2","1","2014-02-05T21:07:22-08:00",0
"775718147","https://itunes.apple.com/cn/podcast/huo-zai-qiang-shang/id775718147?mt=2","7","2014-02-05T21:07:22-08:00",0
"451942135","https://itunes.apple.com/cn/podcast/dong-wu-xiang-dui-lun/id451942135?mt=2","4","2014-02-05T21:07:22-08:00",0
"651356273","https://itunes.apple.com/cn/podcast/ban-shang-liu-she-hui-na-xie-shi/id651356273?mt=2","7","2014-02-05T21:07:22-08:00",0
"586873445","https://itunes.apple.com/cn/podcast/cheng-se-shi-dian/id586873445?mt=2","7","2014-02-05T21:07:22-08:00",0
"738323631","https://itunes.apple.com/cn/podcast/shu-li-shi-jian/id738323631?mt=2","42","2014-02-05T21:07:22-08:00",0
"629893138","https://itunes.apple.com/cn/podcast/kuai-ping5fen-zhong/id629893138?mt=2","1","2014-02-05T21:07:22-08:00",0
"629891744","https://itunes.apple.com/cn/podcast/hong-guan-ming-jia-tan/id629891744?mt=2","7","2014-02-05T21:07:22-08:00",0
"629892587","https://itunes.apple.com/cn/podcast/shi-shi-bao-dao/id629892587?mt=2","1","2014-02-05T21:07:22-08:00",0
"738323641","https://itunes.apple.com/cn/podcast/kai-liao/id738323641?mt=2","10","2014-02-05T21:07:22-08:00",0
"629884383","https://itunes.apple.com/cn/podcast/shi-xun/id629884383?mt=2","2","2014-02-05T21:07:22-08:00",0
"805484129","https://itunes.apple.com/cn/podcast/cai-jing-ye-du/id805484129?mt=2","1","2014-02-05T21:07:22-08:00",0
"629891679","https://itunes.apple.com/cn/podcast/ji-zhe-cai-fang-lu/id629891679?mt=2","7","2014-02-05T21:07:22-08:00",0
"629893137","https://itunes.apple.com/cn/podcast/hai-wai-te-pai-yuan/id629893137?mt=2","7","2014-02-05T21:07:22-08:00",0
"766168301","https://itunes.apple.com/cn/podcast/xuan-ji-you-cai-jing-zhi-bo/id766168301?mt=2","1","2014-02-05T21:07:22-08:00",0
"408374900","https://itunes.apple.com/cn/podcast/xiang-gang-dian-tai-tou-zi/id408374900?mt=2","1","14-2-7",0
"297100389","https://itunes.apple.com/cn/podcast/e-xian-jin-rong-wang/id297100389?mt=2","1","14-2-7",0
"430785548","https://itunes.apple.com/cn/podcast/yi-tong-jin-zhi-cai-jing-xin/id430785548?mt=2","1","14-2-6",0
"709064933","https://itunes.apple.com/cn/podcast/yao-zhi-tian-xia-shi/id709064933?mt=2","7","2014-02-05T21:07:22-08:00",0
"430785579","https://itunes.apple.com/cn/podcast/yi-tong-jin/id430785579?mt=2","1","14-2-6",0
"744953885","https://itunes.apple.com/cn/podcast/zi-jin-kan-pan/id744953885?mt=2","1","14-2-7",0
"647826973","https://itunes.apple.com/cn/podcast/entrepreneur-qi-ye-jia/id647826973?mt=2","15","14-2-8",1
"591641570","https://itunes.apple.com/cn/podcast/alpha-cheng-gong-wang-yuan/id591641570?mt=2","16","2014-02-05T21:07:22-08:00",0
"788236915","https://itunes.apple.com/cn/podcast/mi-mi-tuan-duino-mi-mi/id788236915?mt=2","1","2014-02-05T21:07:22-08:00",0
"535367738","https://itunes.apple.com/cn/podcast/ke-xue-tuo-kou-xiu/id535367738?mt=2","1","14-2-6",0
"534455161","https://itunes.apple.com/cn/podcast/bu-yi-le-hu/id534455161?mt=2","1","14-2-8",0
"693925097","https://itunes.apple.com/cn/podcast/duan-zi-lai-le/id693925097?mt=2","1","14-2-8",0
"571193071","https://itunes.apple.com/cn/podcast/tang-suan-nu-zi-tuo-kou-xiu/id571193071?mt=2","7","2014-02-05T21:07:22-08:00",0
"531733337","https://itunes.apple.com/cn/podcast/xian-bai-er-dian-tai/id531733337?mt=2","7","14-2-8",0
"543820953","https://itunes.apple.com/cn/podcast/xiao-qiang-lai-le/id543820953?mt=2","1","14-2-8",0
"737653080","https://itunes.apple.com/cn/podcast/qiu-shi-bai-kepodcast/id737653080?mt=2","1","14-2-6",0
"744725884","https://itunes.apple.com/cn/podcast/tu-cao2013/id744725884?mt=2","2","2014-02-05T21:07:22-08:00",0
"558707985","https://itunes.apple.com/cn/podcast/zhao-chang-bu-wu-xi-lie-guang-bo/id558707985?mt=2","7","2014-02-05T21:07:22-08:00",0
"646602618","https://itunes.apple.com/cn/podcast/gao-xiao-feng-shen-bang/id646602618?mt=2","5","2014-02-05T21:07:22-08:00",0
"220076091","https://itunes.apple.com/cn/podcast/wan-shi/id220076091?mt=2","25","14-2-7",0
"680582690","https://itunes.apple.com/cn/podcast/chiliko-liao-ri-ben-zhong/id680582690?mt=2","4","14-2-6",0
"763221643","https://itunes.apple.com/cn/podcast/fei-chang-bu-zhe-diao/id763221643?mt=2","3","14-2-8",0
"526679273","https://itunes.apple.com/cn/podcast/xiao-gang-gang-gang-hao/id526679273?mt=2","2","2014-02-05T21:07:22-08:00",0
"582307500","https://itunes.apple.com/cn/podcast/you-dao-she/id582307500?mt=2","8","2014-02-05T21:07:22-08:00",0
"683740763","https://itunes.apple.com/cn/podcast/tai-kang-gao-ji-shi-yan-bao-gao/id683740763?mt=2","2","14-2-8",0
"730187882","https://itunes.apple.com/cn/podcast/jia-jia-leng-xiao-hua/id730187882?mt=2","1","2014-02-05T21:07:22-08:00",0
"591308230","https://itunes.apple.com/cn/podcast/zhi-shi-pai-dui-cheese-party/id591308230?mt=2","3","2014-02-05T21:07:22-08:00",0
"739836167","https://itunes.apple.com/cn/podcast/sheng-huo-da-bao-zha/id739836167?mt=2","1","14-2-6",0
"458284874","https://itunes.apple.com/cn/podcast/lai-dian20-lai-dian-er-shi/id458284874?mt=2","27","2014-02-05T21:07:22-08:00",0
"688776900","https://itunes.apple.com/cn/podcast/tai-kang-ni-ma-diao-pin/id688776900?mt=2","1","2014-02-05T21:07:22-08:00",0
"793698145","https://itunes.apple.com/cn/podcast/wo-feng-le-ni-ne/id793698145?mt=2","7","2014-02-05T21:07:22-08:00",0
"621099815","https://itunes.apple.com/cn/podcast/kuai-ren-kuai-yu/id621099815?mt=2","4","2014-02-05T21:07:22-08:00",0
"703350893","https://itunes.apple.com/cn/podcast/san-hao-huai-nan-hai/id703350893?mt=2","4","14-2-7",0
"797876878","https://itunes.apple.com/cn/podcast/diao-si-yu-nu-shen/id797876878?mt=2","19","2014-02-05T21:07:22-08:00",0
"802833050","https://itunes.apple.com/cn/podcast/zhi-ma-dian-tai/id802833050?mt=2","1","14-2-8",1
"679580813","https://itunes.apple.com/cn/podcast/bu-da-dian-tai/id679580813?mt=2","7","2014-02-05T21:07:22-08:00",0
"780140575","https://itunes.apple.com/cn/podcast/80duradio-pin-zui-er-xi-lie/id780140575?mt=2","3","2014-02-05T21:07:22-08:00",0
"757551028","https://itunes.apple.com/cn/podcast/yao-yan-huo-zhong/id757551028?mt=2","1","2014-02-05T21:07:22-08:00",0
"636543886","https://itunes.apple.com/cn/podcast/mao-gou-dian-bo/id636543886?mt=2","11","2014-02-05T21:07:22-08:00",0
"792272903","https://itunes.apple.com/cn/podcast/xiu-li-gan-kun/id792272903?mt=2","4","14-2-6",0
"620561714","https://itunes.apple.com/cn/podcast/liao-hai-diao-pin/id620561714?mt=2","7","2014-02-05T21:07:22-08:00",0
"423786622","https://itunes.apple.com/cn/podcast/dian-nao-da-bao-zha/id423786622?mt=2","7","2014-02-05T21:07:22-08:00",0
"756073886","https://itunes.apple.com/cn/podcast/shai-ya-chi-dj-wei-lai/id756073886?mt=2","1","14-2-9",1
"670849458","https://itunes.apple.com/cn/podcast/yue-liao-yue-hai/id670849458?mt=2","7","2014-02-05T21:07:22-08:00",0
"807308689","https://itunes.apple.com/cn/podcast/jin-tian-ni-xiao-le-mei/id807308689?mt=2","1","14-2-8",0
"687194929","https://itunes.apple.com/cn/podcast/2013xing-dong-xue-xi-xin-wu/id687194929?mt=2","1","14-2-5",0
"672623075","https://itunes.apple.com/cn/podcast/hq-zhuan-qu/id672623075?mt=2","1","14-2-8",0
"674232039","https://itunes.apple.com/cn/podcast/classdojo-ying-yong/id674232039?mt=2","1","14-2-5",0
"687073753","https://itunes.apple.com/cn/podcast/2013xing-dong-xue-xi-xin-wu/id687073753?mt=2","1","14-2-5",0
"675097752","https://itunes.apple.com/cn/podcast/note-anytime-jie-shao/id675097752?mt=2","1","14-2-5",0
"674457763","https://itunes.apple.com/cn/podcast/web2.0wang-lu-hu-dong-xue/id674457763?mt=2","1","14-2-5",0
"672624164","https://itunes.apple.com/cn/podcast/jiao-xue-yu-zi-xue-zi-yuan/id672624164?mt=2","1","14-2-5",0
"652737301","https://itunes.apple.com/cn/podcast/kuai-le-tong-sheng/id652737301?mt=2","1","2014-02-05T21:07:22-08:00",0
"691955862","https://itunes.apple.com/cn/podcast/gao-nian-ji-shu-xue/id691955862?mt=2","1","14-2-9",1
"305430933","https://itunes.apple.com/cn/podcast/learning-english-for-china/id305430933?mt=2","7","14-2-7",0
"520986449","https://itunes.apple.com/cn/podcast/pan-jijenny-gao-su-ni-learn/id520986449?mt=2","7","2014-02-05T21:07:22-08:00",0
"540241280","https://itunes.apple.com/cn/podcast/han-yu-xue-xi!-learn-korean!/id540241280?mt=2","2","2014-02-05T21:07:22-08:00",0
"457504920","https://itunes.apple.com/cn/podcast/2-minute-english/id457504920?mt=2","7","14-2-20",0
"554906159","https://itunes.apple.com/cn/podcast/han-yu-xue-xi!-study-topik!/id554906159?mt=2","3","2014-02-05T21:07:22-08:00",0
"766273892","https://itunes.apple.com/cn/podcast/su-shan-jiao-mei-yu/id766273892?mt=2","7","2014-02-05T21:07:22-08:00",0
"671566240","https://itunes.apple.com/cn/podcast/bao-bei-ai-yue-du/id671566240?mt=2","8","2014-02-05T21:07:22-08:00",0
"766175661","https://itunes.apple.com/cn/podcast/ri-yu-xue-xifaq/id766175661?mt=2","2","14-2-7",0
"796318689","https://itunes.apple.com/cn/podcast/wei-ni-du-ying-yu-mei-wen/id796318689?mt=2","3","2014-02-05T21:07:22-08:00",0
"475675145","https://itunes.apple.com/cn/podcast/xiang-gang-dian-tai-guan-li/id475675145?mt=2","1","14-2-8",0
"791464201","https://itunes.apple.com/cn/podcast/da-ling-ying-er-jiao-ni-liu/id791464201?mt=2","2","2014-02-05T21:07:22-08:00",0
"797494433","https://itunes.apple.com/cn/podcast/gui-hua-zhong-guo/id797494433?mt=2","3","2014-02-05T21:07:22-08:00",0
"791072069","https://itunes.apple.com/cn/podcast/zhi-chang-zhuan-lan/id791072069?mt=2","11","2014-02-05T21:07:22-08:00",0
"605628852","https://itunes.apple.com/cn/podcast/tang-suan-ai-qi-che/id605628852?mt=2","7","2014-02-05T21:07:22-08:00",0
"599919840","https://itunes.apple.com/cn/podcast/qi-che-ce-shib-ji-hua/id599919840?mt=2","53","2014-02-05T21:07:22-08:00",0
"791464001","https://itunes.apple.com/cn/podcast/dong-man-zhuan-lan/id791464001?mt=2","5","14-2-7",0
"641155088","https://itunes.apple.com/cn/podcast/dong-man-wu-shuang/id641155088?mt=2","1","2014-02-05T21:07:22-08:00",0
"416546197","https://itunes.apple.com/cn/podcast/dian-xiaotalks/id416546197?mt=2","7","14-2-7",0
"804455050","https://itunes.apple.com/cn/podcast/9de-wan-mei-zhuo-you-jiao-shi/id804455050?mt=2","9","2014-02-05T21:07:22-08:00",0
"420660752","https://itunes.apple.com/cn/podcast/ji-he-wang-gadio-you-xi-guang-bo/id420660752?mt=2","6","14-2-9",1
"665447198","https://itunes.apple.com/cn/podcast/you-xifm/id665447198?mt=2","6","2014-02-05T21:07:22-08:00",0
"739632992","https://itunes.apple.com/cn/podcast/you-neng-zhe-pin-zhi/id739632992?mt=2","7","2014-02-05T21:07:22-08:00",0
"792421884","https://itunes.apple.com/cn/podcast/ping-min-gong-yi-dian-tai/id792421884?mt=2","5","2014-02-05T21:07:22-08:00",0
"306300959","https://itunes.apple.com/cn/podcast/lian-he-guo-dian-tai/id306300959?mt=2","1","14-2-5",0
"738219233","https://itunes.apple.com/cn/podcast/yu-liang-ying-yang-ke-tang/id738219233?mt=2","1","2014-02-05T21:07:22-08:00",0
"792579881","https://itunes.apple.com/cn/podcast/da-gang-dao-yi-tai12yue-jie-mu/id792579881?mt=2","1","2014-02-05T21:07:22-08:00",0
"802649354","https://itunes.apple.com/cn/podcast/wo-men-de-jiu-shi-guang/id802649354?mt=2","2","2014-02-05T21:07:22-08:00",0
"600490960","https://itunes.apple.com/cn/podcast/tang-suan-ye-hua/id600490960?mt=2","14","2014-02-05T21:07:22-08:00",0
"716482373","https://itunes.apple.com/cn/podcast/tai-kang-xiao-chen-liang-xing/id716482373?mt=2","2","14-2-6",0
"807309181","https://itunes.apple.com/cn/podcast/wu-yan-liu-se/id807309181?mt=2","7","2014-02-05T21:07:22-08:00",0
"465001449","https://itunes.apple.com/cn/podcast/yu-miao-miao-jiang-gu-shi/id465001449?mt=2","2","14-2-9",1
"378093499","https://itunes.apple.com/cn/podcast/hong-ba-lun-tong-qu-ke-xue-gu-shi/id378093499?mt=2","1","2014-02-05T21:07:22-08:00",0
"595299517","https://itunes.apple.com/cn/podcast/shui-qian-gu-shi-hu-hu-shou/id595299517?mt=2","1","14-2-8",0
"586847201","https://itunes.apple.com/cn/podcast/jing-dian-tong-hua-gu-shi/id586847201?mt=2","2","2014-02-05T21:07:22-08:00",0
"791111002","https://itunes.apple.com/cn/podcast/bei-wa-er-ge/id791111002?mt=2","1","2014-02-05T21:07:22-08:00",0
"789570025","https://itunes.apple.com/cn/podcast/er-ge-hu-hu-shou-yin-ji/id789570025?mt=2","1","14-2-5",0
"792621442","https://itunes.apple.com/cn/podcast/xiao-di-a-yi-jiang-gu-shi/id792621442?mt=2","3","2014-02-05T21:07:22-08:00",0
"681657834","https://itunes.apple.com/cn/podcast/bao-bao-shui-qian-gu-shi-ju/id681657834?mt=2","1","2014-02-05T21:07:22-08:00",0
"770632550","https://itunes.apple.com/cn/podcast/gu-shi-kou-dai-ting-ting/id770632550?mt=2","4","2014-02-05T21:07:22-08:00",0
"780123353","https://itunes.apple.com/cn/podcast/ha-li-jiang-gu-shi/id780123353?mt=2","3","2014-02-05T21:07:22-08:00",0
"643584234","https://itunes.apple.com/cn/podcast/di-yi-ji-1-100ji-hu-hu-shou-yin-ji/id643584234?mt=2","1","14-2-5",0
"594117556","https://itunes.apple.com/cn/podcast/dada-a-yi-shuo-gu-shi/id594117556?mt=2","12","14-2-7",0
"664651015","https://itunes.apple.com/cn/podcast/yu-miao-miao-jiang-gu-shi/id664651015?mt=2","2","2014-02-05T21:07:22-08:00",0
"789570046","https://itunes.apple.com/cn/podcast/hu-hu-shou-yin-ji-er-tong/id789570046?mt=2","1","14-2-5",0
"590044290","https://itunes.apple.com/cn/podcast/zhan-fang-hua-duo-gong-zuo/id590044290?mt=2","16","14-2-6",0
"794279170","https://itunes.apple.com/cn/podcast/xiao-hu-tu-ri-ji2/id794279170?mt=2","1","2014-02-05T21:07:22-08:00",0
"788236899","https://itunes.apple.com/cn/podcast/tun-meng-xue-she/id788236899?mt=2","1","2014-02-05T21:07:22-08:00",0
"657319895","https://itunes.apple.com/cn/podcast/xing-fu-man-jia-yuan/id657319895?mt=2","6","14-2-8",0
"589993952","https://itunes.apple.com/cn/podcast/shuang-fende-yang-guang/id589993952?mt=2","5","2014-02-05T21:07:22-08:00",0
"525690673","https://itunes.apple.com/cn/podcast/tang-suan-guang-bo/id525690673?mt=2","1","14-2-9",1
"526320780","https://itunes.apple.com/cn/podcast/xin-nian-ru-sheng/id526320780?mt=2","19","2014-02-05T21:07:22-08:00",0
"738219106","https://itunes.apple.com/cn/podcast/gang-qin-sui-bi/id738219106?mt=2","6","2014-02-05T21:07:22-08:00",0
"726073539","https://itunes.apple.com/cn/podcast/yi-ge-ren-de-cheng-zhang/id726073539?mt=2","1","2014-02-05T21:07:22-08:00",0
"579221938","https://itunes.apple.com/cn/podcast/new-radio-lao-you-ji/id579221938?mt=2","2","2014-02-05T21:07:22-08:00",0
"793549698","https://itunes.apple.com/cn/podcast/ni-na-me-mei/id793549698?mt=2","1","14-2-6",0
"789322904","https://itunes.apple.com/cn/podcast/yi-mi-yang-guang-yin-le-tai/id789322904?mt=2","1","14-2-8",0
"781325261","https://itunes.apple.com/cn/podcast/le-ren-wu-shu/id781325261?mt=2","1","14-2-7",0
"788078884","https://itunes.apple.com/cn/podcast/wo-ai-gu-dian-yin-le-dian-tai/id788078884?mt=2","3","2014-02-05T21:07:22-08:00",0
"570991250","https://itunes.apple.com/cn/podcast/wan-tu-dian-tai/id570991250?mt=2","4","2014-02-05T21:07:22-08:00",0
"540640190","https://itunes.apple.com/cn/podcast/wei-yang-jie0hao/id540640190?mt=2","3","2014-02-05T21:07:22-08:00",0
"567717937","https://itunes.apple.com/cn/podcast/ye-wei-mian/id567717937?mt=2","1","2014-02-05T21:07:22-08:00",0
"548225179","https://itunes.apple.com/cn/podcast/ni-de-gu-shi-wo-de-ge-xin/id548225179?mt=2","2","2014-02-05T21:07:22-08:00",0
"767241788","https://itunes.apple.com/cn/podcast/liu-xing-gang-qin/id767241788?mt=2","1","14-2-5",0
"585091029","https://itunes.apple.com/cn/podcast/lian-lian-qing-chen/id585091029?mt=2","23","2014-02-05T21:07:22-08:00",0
"556496080","https://itunes.apple.com/cn/podcast/wo-shi-fu-qian-yi-duo-qing/id556496080?mt=2","18","2014-02-05T21:07:22-08:00",0
"543126455","https://itunes.apple.com/cn/podcast/fm80-c/id543126455?mt=2","5","14-2-5",0
"725197910","https://itunes.apple.com/cn/podcast/pian-ke-ting/id725197910?mt=2","1","14-2-7",0
"590353739","https://itunes.apple.com/cn/podcast/yin-le-san-liang-shis2/id590353739?mt=2","22","2014-02-05T21:07:22-08:00",0
"688771605","https://itunes.apple.com/cn/podcast/wei-sheng-yin/id688771605?mt=2","5","2014-02-05T21:07:22-08:00",0
"578886477","https://itunes.apple.com/cn/podcast/you-ran-guang-bo-ran-mo-nian-hua/id578886477?mt=2","2","2014-02-05T21:07:22-08:00",0
"552293362","https://itunes.apple.com/cn/podcast/yi-jia-cha-guan-wu-xian-wen-nuan/id552293362?mt=2","4","14-2-7",1
"448145375","https://itunes.apple.com/cn/podcast/zao-ting-le-ji/id448145375?mt=2","9","2014-02-05T21:07:22-08:00",0
"590406501","https://itunes.apple.com/cn/podcast/you-ran-guang-bo-yin-le-fei/id590406501?mt=2","6","2014-02-05T21:07:22-08:00",0
"717843953","https://itunes.apple.com/cn/podcast/zui-haode-wo-men/id717843953?mt=2","3","2014-02-05T21:07:22-08:00",0
"598237932","https://itunes.apple.com/cn/podcast/na-ge-jie-jie-jiao-wo-men-de-shi/id598237932?mt=2","4","2014-02-05T21:07:22-08:00",0
"797882663","https://itunes.apple.com/cn/podcast/zhi-dan-you-yun/id797882663?mt=2","7","2014-02-05T21:07:22-08:00",0
"658763867","https://itunes.apple.com/cn/podcast/chu-dong-xin-ling-de-ju-zi/id658763867?mt=2","7","2014-02-05T21:07:22-08:00",0
"720796804","https://itunes.apple.com/cn/podcast/pin-lufm/id720796804?mt=2","7","2014-02-05T21:07:22-08:00",0
"553846945","https://itunes.apple.com/cn/podcast/ling-xiao-guang-bo-ju-tuan/id553846945?mt=2","7","2014-02-05T21:07:22-08:00",0
"608154579","https://itunes.apple.com/cn/podcast/zhong-guo-qi-che-yin-le-feng/id608154579?mt=2","1","2014-02-05T21:07:22-08:00",0
"733144703","https://itunes.apple.com/cn/podcast/da-xue-sheng-bo-ke/id733144703?mt=2","1","14-2-7",0
"669849309","https://itunes.apple.com/cn/podcast/du-li-yin-le-ren/id669849309?mt=2","12","2014-02-05T21:07:22-08:00",0
"781327509","https://itunes.apple.com/cn/podcast/yi-you-wei-jin/id781327509?mt=2","2","14-2-7",0
"596646288","https://itunes.apple.com/cn/podcast/qi-checd/id596646288?mt=2","1","2014-02-05T21:07:22-08:00",0
"677079624","https://itunes.apple.com/cn/podcast/yi-xilive/id677079624?mt=2","13","2014-02-05T21:07:22-08:00",0
"785429111","https://itunes.apple.com/cn/podcast/nuan-sheng-dian-tai/id785429111?mt=2","9","2014-02-05T21:07:22-08:00",0
"690024306","https://itunes.apple.com/cn/podcast/ge-qiang-you-er/id690024306?mt=2","7","14-2-18",0
"437201956","https://itunes.apple.com/cn/podcast/podcast-of-the-day-xin-wen-bo-ke/id437201956?mt=2","1","14-2-7",0
"505410612","https://itunes.apple.com/cn/podcast/tian-tian-du-bao/id505410612?mt=2","6","2014-02-05T21:07:22-08:00",0
"325678458","https://itunes.apple.com/cn/podcast/mei-guo-wan-hua-tong-mei-guo/id325678458?mt=2","6","14-2-7",0
"593281875","https://itunes.apple.com/cn/podcast/xin-wen-wang-gao-feng/id593281875?mt=2","1","14-2-6",0
"785835916","https://itunes.apple.com/cn/podcast/zhi-bo-zhong-guo/id785835916?mt=2","1","14-2-8",0
"670287926","https://itunes.apple.com/cn/podcast/nan-wang-de-zhong-guo-zhi-sheng/id670287926?mt=2","1","14-2-9",1
"549206366","https://itunes.apple.com/cn/podcast/zou-jin-mei-guo-mei-guo-zhi-yin/id549206366?mt=2","7","14-2-5",0
"297398732","https://itunes.apple.com/cn/podcast/yue-yu-xin-wen-wan-shang9/id297398732?mt=2","1","14-2-9",1
"328558342","https://itunes.apple.com/cn/podcast/rfi-emission-mandarin-22h00/id328558342?mt=2","1","14-2-8",0
"516330704","https://itunes.apple.com/cn/podcast/bu-tong-de-sheng-yin/id516330704?mt=2","7","14-2-7",0
"605634667","https://itunes.apple.com/cn/podcast/wei-wen-lian-bo/id605634667?mt=2","1","2014-02-05T21:07:22-08:00",0
"601147809","https://itunes.apple.com/cn/podcast/wan6-7dian-guang-bo-jie-mu/id601147809?mt=2","1","14-2-9",1
"785834971","https://itunes.apple.com/cn/podcast/lao-wai-kan-dian/id785834971?mt=2","2","14-2-7",0
"794197037","https://itunes.apple.com/cn/podcast/newsplus-radio/id794197037?mt=2","1","14-2-9",1
"520714112","https://itunes.apple.com/cn/podcast/chen-jian-zhong-wen-jie-mu/id520714112?mt=2","1","14-2-6",0
"739810408","https://itunes.apple.com/cn/podcast/you-hua-hao-hao-shuo/id739810408?mt=2","1","14-2-6",0
"601147811","https://itunes.apple.com/cn/podcast/wan7-8dian-guang-bo-jie-mu/id601147811?mt=2","1","14-2-9",1
"516341993","https://itunes.apple.com/cn/podcast/diao-cha-bao-gao/id516341993?mt=2","7","14-2-5",0
"407198023","https://itunes.apple.com/cn/podcast/zi-you-feng-zi-you-phone/id407198023?mt=2","1","14-2-7",0
"265625669","https://itunes.apple.com/cn/podcast/tou-tiao-xin-wen/id265625669?mt=2","7","2014-02-05T21:07:22-08:00",0
"799303258","https://itunes.apple.com/cn/podcast/huan-qiu-mei-ti-liu-lan/id799303258?mt=2","2","2014-02-05T21:07:22-08:00",0
"516343717","https://itunes.apple.com/cn/podcast/xian-hua-shang-hai/id516343717?mt=2","7","14-2-8",1
"266163348","https://itunes.apple.com/cn/podcast/xin-ling-zhi-lu/id266163348?mt=2","7","14-2-7",0
"420237507","https://itunes.apple.com/cn/podcast/rci-jia-na-da-zhi-sheng/id420237507?mt=2","1","14-2-7",0
"806088341","https://itunes.apple.com/cn/podcast/bian-zou-bian-kan/id806088341?mt=2","1","14-2-8",0
"414841218","https://itunes.apple.com/cn/podcast/xiang-gang-dian-tai-da-shi/id414841218?mt=2","1","2014-02-05T21:07:22-08:00",0
"437249146","https://itunes.apple.com/cn/podcast/xuan-yi-wen-da/id437249146?mt=2","1","14-2-5",0
"383299434","https://itunes.apple.com/cn/podcast/xiang-gang-dian-tai-pu-tong/id383299434?mt=2","7","2014-02-05T21:07:22-08:00",0
"770638738","https://itunes.apple.com/cn/podcast/yao-shi-jing-jiang-zuo-zong/id770638738?mt=2","3","2014-02-05T21:07:22-08:00",0
"541974081","https://itunes.apple.com/cn/podcast/ling-wang-fu/id541974081?mt=2","1","2014-02-05T21:07:22-08:00",0
"383299750","https://itunes.apple.com/cn/podcast/xiang-gang-dian-tai-kong-zhong/id383299750?mt=2","7","14-2-8",1
"511250292","https://itunes.apple.com/cn/podcast/shao-dong-shang-shi-fu-fa/id511250292?mt=2","7","2014-02-05T21:07:22-08:00",0
"299859170","https://itunes.apple.com/cn/podcast/tong-fu-tang-tung-fook-church/id299859170?mt=2","7","2014-02-05T21:07:22-08:00",0
"129053625","https://itunes.apple.com/cn/podcast/xi-gu-sheng-ming-he-ling-liang/id129053625?mt=2","3","2014-02-05T21:07:22-08:00",0
"415108956","https://itunes.apple.com/cn/podcast/chinese-bible-study/id415108956?mt=2","1","14-2-7",0
"386775471","https://itunes.apple.com/cn/podcast/xi-an-xin-ge-zui-xin-shi-ge/id386775471?mt=2","7","14-2-8",1
"386089610","https://itunes.apple.com/cn/podcast/zai-zai-xi-shui-pang/id386089610?mt=2","1","14-2-8",0
"515577099","https://itunes.apple.com/cn/podcast/xin-jia-po-ji-du-sheng-ming/id515577099?mt=2","1","14-2-9",0
"585609901","https://itunes.apple.com/cn/podcast/zhong-guo-yu-qt-huo-po-sheng/id585609901?mt=2","1","14-2-10",1
"412444164","https://itunes.apple.com/cn/podcast/1-year-daily-audio-bible-chinese/id412444164?mt=2","1","14-2-8",1
"385735033","https://itunes.apple.com/cn/podcast/ao-zhou-ji-du-jiao-bo-dao/id385735033?mt=2","6","2014-02-05T21:07:22-08:00",0
"78457656","https://itunes.apple.com/cn/podcast/pp959/id78457656?mt=2","7","2014-02-05T21:07:22-08:00",0
"557970019","https://itunes.apple.com/cn/podcast/ren-shi-sheng-jing-ttb.twr.org/id557970019?mt=2","1","14-2-6",0
"734933581","https://itunes.apple.com/cn/podcast/feng-wen-you-ni/id734933581?mt=2","1","2014-02-05T21:07:22-08:00",0
"557662174","https://itunes.apple.com/cn/podcast/ren-shi-sheng-jing-ttb.twr.org/id557662174?mt=2","1","14-2-6",0
"515576792","https://itunes.apple.com/cn/podcast/xin-jia-po-ji-du-sheng-ming/id515576792?mt=2","1","14-2-9",0
"597509681","https://itunes.apple.com/cn/podcast/da-hua-fu-sheng-ming-he-ling/id597509681?mt=2","22","2014-02-05T21:07:22-08:00",0
"626144086","https://itunes.apple.com/cn/podcast/yi-nuo-kong-zhong-zheng-dao/id626144086?mt=2","4","2014-02-05T21:07:22-08:00",0
"665663487","https://itunes.apple.com/cn/podcast/xuan-lai-han-jie/id665663487?mt=2","14","2014-02-05T21:07:22-08:00",0
"529735720","https://itunes.apple.com/cn/podcast/feng-ai-yu-jia-ji-chu-zhe/id529735720?mt=2","1","14-2-7",0
"423955930","https://itunes.apple.com/cn/podcast/you-ling-kai-shi/id423955930?mt=2","7","2014-02-05T21:07:22-08:00",0
"474970783","https://itunes.apple.com/cn/podcast/ban-zou-zhe-chen-jia-zhen/id474970783?mt=2","5","2014-02-05T21:07:22-08:00",0
"582587148","https://itunes.apple.com/cn/podcast/shen-ling-dui-hua-yuan-wang/id582587148?mt=2","12","2014-02-05T21:07:22-08:00",0
"675492769","https://itunes.apple.com/cn/podcast/hao-hao-shang-shang-di-er-ji/id675492769?mt=2","1","2014-02-05T21:07:22-08:00",0
"417340808","https://itunes.apple.com/cn/podcast/xiang-gang-dian-tai-gu-jin/id417340808?mt=2","7","14-2-8",0
"774609894","https://itunes.apple.com/cn/podcast/luo-ji-si-weipodcast-luo-ji/id774609894?mt=2","3","2014-02-05T21:07:22-08:00",0
"687241686","https://itunes.apple.com/cn/podcast/bai-hua-du-shi-ji/id687241686?mt=2","5","2014-02-05T21:07:22-08:00",0
"501626043","https://itunes.apple.com/cn/podcast/xiang-gang-dian-tai-zhong/id501626043?mt=2","7","14-2-8",0
"768013059","https://itunes.apple.com/cn/podcast/wen-hua-zhang-he-wan-li-xing/id768013059?mt=2","7","2014-02-05T21:07:22-08:00",0
"776906425","https://itunes.apple.com/cn/podcast/ban-ma-dian-tai-wu-han-hua-bo-ke/id776906425?mt=2","1","2014-02-05T21:07:22-08:00",0
"771662985","https://itunes.apple.com/cn/podcast/xiang-gang-gu-shi-bai-nian/id771662985?mt=2","7","2014-02-05T21:07:22-08:00",0
"671888927","https://itunes.apple.com/cn/podcast/qiang-qiang-cha-hua-ge/id671888927?mt=2","5","14-2-8",0
"656991352","https://itunes.apple.com/cn/podcast/fei-guan-jian-shi-ke-insignificant/id656991352?mt=2","7","2014-02-05T21:07:22-08:00",0
"354995711","https://itunes.apple.com/cn/podcast/su-bi-dian-tai/id354995711?mt=2","15","2014-02-05T21:07:22-08:00",0
"664461592","https://itunes.apple.com/cn/podcast/pu-su-xin-li-xue/id664461592?mt=2","7","2014-02-05T21:07:22-08:00",0
"603056780","https://itunes.apple.com/cn/podcast/hai-long-yi-sheng-hou/id603056780?mt=2","26","2014-02-05T21:07:22-08:00",0
"714626346","https://itunes.apple.com/cn/podcast/ge-jiepodcast/id714626346?mt=2","7","14-2-7",0
"795867813","https://itunes.apple.com/cn/podcast/nc-yu-zhou/id795867813?mt=2","1","14-2-8",0
"617982860","https://itunes.apple.com/cn/podcast/zheng-zai-hu-shuo/id617982860?mt=2","7","2014-02-05T21:07:22-08:00",0
"764891060","https://itunes.apple.com/cn/podcast/cao-bang/id764891060?mt=2","12","2014-02-05T21:07:22-08:00",0
"622420576","https://itunes.apple.com/cn/podcast/le-huo-zai-bei-jing/id622420576?mt=2","1","2014-02-05T21:07:22-08:00",0
"805562863","https://itunes.apple.com/cn/podcast/shu-ke-de-fei-xing-guang-bo/id805562863?mt=2","1","14-2-8",0
"702924411","https://itunes.apple.com/cn/podcast/liao-you-ji-liao-you-ji/id702924411?mt=2","6","2014-02-05T21:07:22-08:00",0
"806013224","https://itunes.apple.com/cn/podcast/xiao-su-xia-liao/id806013224?mt=2","5","2014-02-05T21:07:22-08:00",0
"672537490","https://itunes.apple.com/cn/podcast/enjoy-talk-s-yi-tan-yi-chang/id672537490?mt=2","9","14-2-7",0
"771313728","https://itunes.apple.com/cn/podcast/rong-yu-zhi-de-ehrenfeld/id771313728?mt=2","7","2014-02-05T21:07:22-08:00",0
"796964961","https://itunes.apple.com/cn/podcast/zi-ji-de-zi-ji/id796964961?mt=2","1","2014-02-05T21:07:22-08:00",0
"593246810","https://itunes.apple.com/cn/podcast/niu-jiao-guang-bo-hai-wai-ban/id593246810?mt=2","7","14-2-8",1
"585625651","https://itunes.apple.com/cn/podcast/can-lan-shi-guang-xian-shang/id585625651?mt=2","3","2014-02-05T21:07:22-08:00",0
"505410451","https://itunes.apple.com/cn/podcast/xin-qing-ti-shi-ban/id505410451?mt=2","1","2014-02-05T21:07:22-08:00",0
"697809476","https://itunes.apple.com/cn/podcast/yao-yan-huo-zhong-hidden-messages/id697809476?mt=2","3","2014-02-05T21:07:22-08:00",0
"791101465","https://itunes.apple.com/cn/podcast/zhuo-xin-li/id791101465?mt=2","7","14-2-8",1
"564797940","https://itunes.apple.com/cn/podcast/talkonly-podcast/id564797940?mt=2","1","14-2-7",0
"687041690","https://itunes.apple.com/cn/podcast/niu-yi-sheng-yu-gou-hu-shi/id687041690?mt=2","2","2014-02-05T21:07:22-08:00",0
"792677044","https://itunes.apple.com/cn/podcast/xiao-yao-you/id792677044?mt=2","1","2014-02-05T21:07:22-08:00",0
"705135211","https://itunes.apple.com/cn/podcast/radio-a-podcast-feed/id705135211?mt=2","5","2014-02-05T21:07:22-08:00",0
"469322319","https://itunes.apple.com/cn/podcast/sheng-xing-man-bu/id469322319?mt=2","3","2014-02-05T21:07:22-08:00",0
"542356276","https://itunes.apple.com/cn/podcast/huan-qiu-lu-xing-jia/id542356276?mt=2","1","14-2-6",0
"640916854","https://itunes.apple.com/cn/podcast/lu-guo-dian-tai/id640916854?mt=2","9","2014-02-05T21:07:22-08:00",0
"791213273","https://itunes.apple.com/cn/podcast/ma-dou-xiao-guan/id791213273?mt=2","1","2014-02-05T21:07:22-08:00",0
"547188229","https://itunes.apple.com/cn/podcast/sportunes-sportsoho-yun-dong/id547188229?mt=2","1","14-2-7",0
"586213302","https://itunes.apple.com/cn/podcast/dian-ying-bu-wu-liao/id586213302?mt=2","7","2014-02-05T21:07:22-08:00",0
"791978196","https://itunes.apple.com/cn/podcast/guan-ying-feng-xiang-biao/id791978196?mt=2","3","2014-02-05T21:07:22-08:00",0
"416947367","https://itunes.apple.com/cn/podcast/zhen-ai-tv-podcast/id416947367?mt=2","7","14-2-5",0
"592651743","https://itunes.apple.com/cn/podcast/you-ni-he-yang-guang-de-ri-zi/id592651743?mt=2","7","2014-02-05T21:07:22-08:00",0
"669307902","https://itunes.apple.com/cn/podcast/tian-tang-dian-ying-yuan/id669307902?mt=2","7","2014-02-05T21:07:22-08:00",0
"657286363","https://itunes.apple.com/cn/podcast/35mm/id657286363?mt=2","7","2014-02-05T21:07:22-08:00",0
"583592214","https://itunes.apple.com/cn/podcast/wu-ye-qu-xin-niang-geng-xin/id583592214?mt=2","9","2014-02-05T21:07:22-08:00",0
"791072060","https://itunes.apple.com/cn/podcast/dian-ying-zhuan-lan/id791072060?mt=2","11","2014-02-05T21:07:22-08:00",0
"665447207","https://itunes.apple.com/cn/podcast/dian-yingfm/id665447207?mt=2","4","2014-02-05T21:07:22-08:00",0
"623190827","https://itunes.apple.com/cn/podcast/meng-xiang-dian-ying-yuan/id623190827?mt=2","6","14-2-8",0
"605646754","https://itunes.apple.com/cn/podcast/ren-min-ying-yuan/id605646754?mt=2","12","2014-02-05T21:07:22-08:00",0
"553516028","https://itunes.apple.com/cn/podcast/mai-tai-dian-bo/id553516028?mt=2","55","2014-02-05T21:07:22-08:00",0
"806927517","https://itunes.apple.com/cn/podcast/ting-dian-ying/id806927517?mt=2","2","2014-02-05T21:07:22-08:00",0
"493254305","https://itunes.apple.com/cn/podcast/you-de-liao-bo-ke/id493254305?mt=2","2","2014-02-05T21:07:22-08:00",0
"161573587","https://itunes.apple.com/cn/podcast/xiang-gang-dian-tai-hk.300/id161573587?mt=2","54","2014-02-05T21:07:22-08:00",0
"747497890","https://itunes.apple.com/cn/podcast/it-gong-lun/id747497890?mt=2","1","14-2-7",0
"608387170","https://itunes.apple.com/cn/podcast/teahour.fm/id608387170?mt=2","7","2014-02-05T21:07:22-08:00",0
"593295539","https://itunes.apple.com/cn/podcast/mobiholicast-hua-ren-yi-dong/id593295539?mt=2","7","2014-02-05T21:07:22-08:00",0
"788430894","https://itunes.apple.com/cn/podcast/hou-shi-dai-for-podcast/id788430894?mt=2","3","14-2-6",0
"528955444","https://itunes.apple.com/cn/podcast/qing-song-wanmac-video/id528955444?mt=2","5","2014-02-05T21:07:22-08:00",0
"647487857","https://itunes.apple.com/cn/podcast/qi-mo-ji/id647487857?mt=2","21","2014-02-05T21:07:22-08:00",0
"471351249","https://itunes.apple.com/cn/podcast/fmit/id471351249?mt=2","7","14-2-9",1
"483081647","https://itunes.apple.com/cn/podcast/cmm.hk-da-ping-guo-shi-dai-3/id483081647?mt=2","13","2014-02-05T21:07:22-08:00",0
"80063725","https://itunes.apple.com/cn/podcast/hkpug-podcast-pai-le-pai-dui/id80063725?mt=2","7","14-2-5",0
"695441686","https://itunes.apple.com/cn/podcast/bai-ding-guang-bo/id695441686?mt=2","1","2014-02-05T21:07:22-08:00",0
"386964239","https://itunes.apple.com/cn/podcast/unwire.hk-liu-dong-ke-ji-sheng/id386964239?mt=2","7","14-2-6",0
"522845993","https://itunes.apple.com/cn/podcast/luangad-season-1-randgad-podcast/id522845993?mt=2","7","14-2-9",1
